-- dicionario --
insert into dicionario (id_dicionario, nome, autor, editora) values (1, 'Name', 'Coelho', '047');
insert into dicionario (id_dicionario, nome, autor, editora) values (2, 'Bamity', 'Dilly', '62');
insert into dicionario (id_dicionario, nome, autor, editora) values (3, 'Fix San', 'Billy', 'S40');
insert into dicionario (id_dicionario, nome, autor, editora) values (4, 'Subin', 'Juliane', 'Familia');
insert into dicionario (id_dicionario, nome, autor, editora) values (5, 'Zoolab', 'Natka', 'Solstice');
insert into dicionario (id_dicionario, nome, autor, editora) values (6, 'Bitwolf', 'Agata', 'Silverado 3500');
insert into dicionario (id_dicionario, nome, autor, editora) values (7, 'Flexidy', 'Shaylah', 'Tundra');
insert into dicionario (id_dicionario, nome, autor, editora) values (8, 'Solarbreeze', 'Mitchell', 'E-Class');
insert into dicionario (id_dicionario, nome, autor, editora) values (9, 'Daltfresh', 'Heinrik', 'Liberty');
insert into dicionario (id_dicionario, nome, autor, editora) values (10, 'Alpha', 'Terza', 'Neon');
insert into dicionario (id_dicionario, nome, autor, editora) values (11, 'Y-find', 'Noel', 'CL-Class');
insert into dicionario (id_dicionario, nome, autor, editora) values (12, 'Ventosanzap', 'Jedediah', 'riolet');
insert into dicionario (id_dicionario, nome, autor, editora) values (13, 'Kanlam', 'Amerigo', 'Montana');
insert into dicionario (id_dicionario, nome, autor, editora) values (14, 'Duobam', 'Cthrine', 'Matrix');
insert into dicionario (id_dicionario, nome, autor, editora) values (15, 'Flexidy', 'Rodolfo', '100');
insert into dicionario (id_dicionario, nome, autor, editora) values (16, 'Regrant', 'Fairlie', 'Hombre');
insert into dicionario (id_dicionario, nome, autor, editora) values (17, 'Flowdesk', 'Claire', 'M3');
insert into dicionario (id_dicionario, nome, autor, editora) values (18, 'Flexidy', 'Claudio', 'S-Class');
insert into dicionario (id_dicionario, nome, autor, editora) values (19, 'Voyatouch', 'Suzanne', 'Grand Voyager');
insert into dicionario (id_dicionario, nome, autor, editora) values (20, 'Alpha', 'Judas', 'Elantra');
insert into dicionario (id_dicionario, nome, autor, editora) values (21, 'Bamity', 'Ford', 'Topaz');
insert into dicionario (id_dicionario, nome, autor, editora) values (22, 'Y-find', 'Loreen', 'Passport');
insert into dicionario (id_dicionario, nome, autor, editora) values (23, 'Alphazap', 'Robyn', 'RAV4');
insert into dicionario (id_dicionario, nome, autor, editora) values (24, 'Y-find', 'Eolande', 'Express 1500');
insert into dicionario (id_dicionario, nome, autor, editora) values (25, 'Stringtough', 'Olenolin', 'VUE');
insert into dicionario (id_dicionario, nome, autor, editora) values (26, 'Andalax', 'Yovonnda', 'Diablo');
insert into dicionario (id_dicionario, nome, autor, editora) values (27, 'Opela', 'Rollins', 'LX');
insert into dicionario (id_dicionario, nome, autor, editora) values (28, 'Redhold', 'Carma', 'Brat');
insert into dicionario (id_dicionario, nome, autor, editora) values (29, 'Tampflex', 'Belicia', 'Bonneville');
insert into dicionario (id_dicionario, nome, autor, editora) values (30, 'Subin', 'Rafaello', 'Catera');

-- palavras --
insert into palavras (id, palavra, pronuncia, origem, significado) values (1, 'Matar', 'MA . TAR', 'Judaica', '');
insert into palavras (id, palavra, pronuncia, origem, significado) values (2, 'Assassinar', 'A . SA . SI . NAR', 'Indu', '');
insert into palavras (id, palavra, pronuncia, origem, significado) values (3, 'Hystrix cristata', 'Léonore', 'Japan', '');
insert into palavras (id, palavra, pronuncia, origem, significado) values (4, 'Plegadis falcinellus', 'Estée', 'Venezuela', '');
insert into palavras (id, palavra, pronuncia, origem, significado) values (5, 'Madoqua kirkii', 'Bérénice', 'Azerbaijan', '');
insert into palavras (id, palavra, pronuncia, origem, significado) values (6, 'Varanus sp.', 'Nadège', 'Indonesia', '');
insert into palavras (id, palavra, pronuncia, origem, significado) values (7, 'Nycticorax nycticorax', 'Magdalène', 'Indonesia', '');
insert into palavras (id, palavra, pronuncia, origem, significado) values (8, 'Balearica pavonina', 'Anaëlle', 'New Zealand', '');
insert into palavras (id, palavra, pronuncia, origem, significado) values (9, 'Anas platyrhynchos', 'Pò', 'Philippines', '');
insert into palavras (id, palavra, pronuncia, origem, significado) values (10, 'Vanessa indica', 'Maï', 'Indonesia', '');
insert into palavras (id, palavra, pronuncia, origem, significado) values (11, 'Phalacrocorax niger', 'Anaël', 'Philippines', '');
insert into palavras (id, palavra, pronuncia, origem, significado) values (12, 'Ninox superciliaris', 'Kévina', 'Panama', '');
insert into palavras (id, palavra, pronuncia, origem, significado) values (13, 'Tamiasciurus hudsonicus', 'Mélina', 'Russia', '');
insert into palavras (id, palavra, pronuncia, origem, significado) values (14, 'Hymenolaimus malacorhynchus', 'Geneviève', 'Vietnam', '');
insert into palavras (id, palavra, pronuncia, origem, significado) values (15, 'Pytilia melba', 'Yóu', 'Vietnam', '');
insert into palavras (id, palavra, pronuncia, origem, significado) values (16, 'Bucorvus leadbeateri', 'Illustrée', 'Netherlands', '');
insert into palavras (id, palavra, pronuncia, origem, significado) values (17, 'Phoenicopterus ruber', 'Maëlle', 'Poland', '');
insert into palavras (id, palavra, pronuncia, origem, significado) values (18, 'Camelus dromedarius', 'Mélissandre', 'Indonesia', '');
insert into palavras (id, palavra, pronuncia, origem, significado) values (19, 'Aepyceros mylampus', 'Björn', 'Sweden', '');
insert into palavras (id, palavra, pronuncia, origem, significado) values (20, 'Chionis alba', 'Célia', 'Sweden', '');
insert into palavras (id, palavra, pronuncia, origem, significado) values (21, 'Ceratotherium simum', 'Loïs', 'Armenia', '');
insert into palavras (id, palavra, pronuncia, origem, significado) values (22, 'Ovis ammon', 'Lèi', 'Colombia', '');
insert into palavras (id, palavra, pronuncia, origem, significado) values (23, 'unavailable', 'Sélène', 'Portugal', '');
insert into palavras (id, palavra, pronuncia, origem, significado) values (24, 'Cochlearius cochlearius', 'Andrée', 'Samoa', '');
insert into palavras (id, palavra, pronuncia, origem, significado) values (25, 'Halcyon smyrnesis', 'Stévina', 'Iraq', '');
insert into palavras (id, palavra, pronuncia, origem, significado) values (26, 'Cochlearius cochlearius', 'Félicie', 'Mauritius', '');
insert into palavras (id, palavra, pronuncia, origem, significado) values (27, 'Arctogalidia trivirgata', 'Adèle', 'Brazil', '');
insert into palavras (id, palavra, pronuncia, origem, significado) values (28, 'Alectura lathami', 'Maëlys', 'United States', '');
insert into palavras (id, palavra, pronuncia, origem, significado) values (29, 'Fulica cristata', 'Marie-françoise', 'Philippines', '');
insert into palavras (id, palavra, pronuncia, origem, significado) values (30, 'Anser anser', 'Méline', 'Libya', '');

-- sinonimo -- 
insert into sinonimo (palavras_id, palavras_id1) values (1, 2);
insert into sinonimo (palavras_id, palavras_id1) values (3, 8);
insert into sinonimo (palavras_id, palavras_id1) values (4, 9);
insert into sinonimo (palavras_id, palavras_id1) values (5, 30);
insert into sinonimo (palavras_id, palavras_id1) values (6, 18);
insert into sinonimo (palavras_id, palavras_id1) values (7, 18);
insert into sinonimo (palavras_id, palavras_id1) values (8, 10);
insert into sinonimo (palavras_id, palavras_id1) values (9, 28);
insert into sinonimo (palavras_id, palavras_id1) values (10, 16);
insert into sinonimo (palavras_id, palavras_id1) values (11, 20);
insert into sinonimo (palavras_id, palavras_id1) values (12, 19);
insert into sinonimo (palavras_id, palavras_id1) values (13, 11);
insert into sinonimo (palavras_id, palavras_id1) values (14, 4);
insert into sinonimo (palavras_id, palavras_id1) values (15, 27);
insert into sinonimo (palavras_id, palavras_id1) values (16, 3);
insert into sinonimo (palavras_id, palavras_id1) values (17, 16);
insert into sinonimo (palavras_id, palavras_id1) values (18, 20);
insert into sinonimo (palavras_id, palavras_id1) values (19, 11);
insert into sinonimo (palavras_id, palavras_id1) values (20, 9);
insert into sinonimo (palavras_id, palavras_id1) values (21, 23);
insert into sinonimo (palavras_id, palavras_id1) values (22, 3);
insert into sinonimo (palavras_id, palavras_id1) values (23, 14);
insert into sinonimo (palavras_id, palavras_id1) values (24, 4);
insert into sinonimo (palavras_id, palavras_id1) values (25, 9);
insert into sinonimo (palavras_id, palavras_id1) values (26, 3);
insert into sinonimo (palavras_id, palavras_id1) values (27, 10);
insert into sinonimo (palavras_id, palavras_id1) values (28, 5);
insert into sinonimo (palavras_id, palavras_id1) values (29, 3);
insert into sinonimo (palavras_id, palavras_id1) values (30, 15);

-- pertence --
insert into pertence (table1_id_dicionario, palavras_id) values (1, 19);
insert into pertence (table1_id_dicionario, palavras_id) values (2, 14);
insert into pertence (table1_id_dicionario, palavras_id) values (3, 27);
insert into pertence (table1_id_dicionario, palavras_id) values (4, 24);
insert into pertence (table1_id_dicionario, palavras_id) values (5, 6);
insert into pertence (table1_id_dicionario, palavras_id) values (6, 6);
insert into pertence (table1_id_dicionario, palavras_id) values (7, 11);
insert into pertence (table1_id_dicionario, palavras_id) values (8, 5);
insert into pertence (table1_id_dicionario, palavras_id) values (9, 21);
insert into pertence (table1_id_dicionario, palavras_id) values (10, 8);
insert into pertence (table1_id_dicionario, palavras_id) values (11, 23);
insert into pertence (table1_id_dicionario, palavras_id) values (12, 6);
insert into pertence (table1_id_dicionario, palavras_id) values (13, 14);
insert into pertence (table1_id_dicionario, palavras_id) values (14, 19);
insert into pertence (table1_id_dicionario, palavras_id) values (15, 1);
insert into pertence (table1_id_dicionario, palavras_id) values (16, 12);
insert into pertence (table1_id_dicionario, palavras_id) values (17, 7);
insert into pertence (table1_id_dicionario, palavras_id) values (18, 22);
insert into pertence (table1_id_dicionario, palavras_id) values (19, 30);
insert into pertence (table1_id_dicionario, palavras_id) values (20, 20);
insert into pertence (table1_id_dicionario, palavras_id) values (21, 22);
insert into pertence (table1_id_dicionario, palavras_id) values (22, 3);
insert into pertence (table1_id_dicionario, palavras_id) values (23, 25);
insert into pertence (table1_id_dicionario, palavras_id) values (24, 9);
insert into pertence (table1_id_dicionario, palavras_id) values (25, 8);
insert into pertence (table1_id_dicionario, palavras_id) values (26, 24);
insert into pertence (table1_id_dicionario, palavras_id) values (27, 6);
insert into pertence (table1_id_dicionario, palavras_id) values (28, 10);
insert into pertence (table1_id_dicionario, palavras_id) values (29, 5);
insert into pertence (table1_id_dicionario, palavras_id) values (30, 21);