-- dicionario --
insert into dicionario (id_dicionario, nome, autor, editora) values (1, 'Name', 'Coelho', '047');
insert into dicionario (id_dicionario, nome, autor, editora) values (2, 'Bamity', 'Dilly', '62');
insert into dicionario (id_dicionario, nome, autor, editora) values (3, 'Fix San', 'Billy', 'S40');
insert into dicionario (id_dicionario, nome, autor, editora) values (4, 'Subin', 'Juliane', 'Familia');
insert into dicionario (id_dicionario, nome, autor, editora) values (5, 'Zoolab', 'Natka', 'Solstice');
insert into dicionario (id_dicionario, nome, autor, editora) values (6, 'Bitwolf', 'Agata', 'Silverado 3500');
insert into dicionario (id_dicionario, nome, autor, editora) values (7, 'Flexidy', 'Shaylah', 'Tundra');
insert into dicionario (id_dicionario, nome, autor, editora) values (8, 'Solarbreeze', 'Mitchell', 'E-Class');
insert into dicionario (id_dicionario, nome, autor, editora) values (9, 'Daltfresh', 'Heinrik', 'Liberty');
insert into dicionario (id_dicionario, nome, autor, editora) values (10, 'Alpha', 'Terza', 'Neon');
insert into dicionario (id_dicionario, nome, autor, editora) values (11, 'Y-find', 'Noel', 'CL-Class');
insert into dicionario (id_dicionario, nome, autor, editora) values (12, 'Ventosanzap', 'Jedediah', 'riolet');
insert into dicionario (id_dicionario, nome, autor, editora) values (13, 'Kanlam', 'Amerigo', 'Montana');
insert into dicionario (id_dicionario, nome, autor, editora) values (14, 'Duobam', 'Cthrine', 'Matrix');
insert into dicionario (id_dicionario, nome, autor, editora) values (15, 'Flexidy', 'Rodolfo', '100');
insert into dicionario (id_dicionario, nome, autor, editora) values (16, 'Regrant', 'Fairlie', 'Hombre');
insert into dicionario (id_dicionario, nome, autor, editora) values (17, 'Flowdesk', 'Claire', 'M3');
insert into dicionario (id_dicionario, nome, autor, editora) values (18, 'Flexidy', 'Claudio', 'S-Class');
insert into dicionario (id_dicionario, nome, autor, editora) values (19, 'Voyatouch', 'Suzanne', 'Grand Voyager');
insert into dicionario (id_dicionario, nome, autor, editora) values (20, 'Alpha', 'Judas', 'Elantra');
insert into dicionario (id_dicionario, nome, autor, editora) values (21, 'Bamity', 'Ford', 'Topaz');
insert into dicionario (id_dicionario, nome, autor, editora) values (22, 'Y-find', 'Loreen', 'Passport');
insert into dicionario (id_dicionario, nome, autor, editora) values (23, 'Alphazap', 'Robyn', 'RAV4');
insert into dicionario (id_dicionario, nome, autor, editora) values (24, 'Y-find', 'Eolande', 'Express 1500');
insert into dicionario (id_dicionario, nome, autor, editora) values (25, 'Stringtough', 'Olenolin', 'VUE');
insert into dicionario (id_dicionario, nome, autor, editora) values (26, 'Andalax', 'Yovonnda', 'Diablo');
insert into dicionario (id_dicionario, nome, autor, editora) values (27, 'Opela', 'Rollins', 'LX');
insert into dicionario (id_dicionario, nome, autor, editora) values (28, 'Redhold', 'Carma', 'Brat');
insert into dicionario (id_dicionario, nome, autor, editora) values (29, 'Tampflex', 'Belicia', 'Bonneville');
insert into dicionario (id_dicionario, nome, autor, editora) values (30, 'Subin', 'Rafaello', 'Catera');

-- palavras --
insert into palavras (id, palavra, pronuncia, origem, significado) values (1, 'Erskine', 'Remirez', 'CN', 'Morbi vel lectus in quam fringilla rhoncus.');
insert into palavras (id, palavra, pronuncia, origem, significado) values (2, 'Bert', 'Prynne', 'MN', 'Pellentesque viverra pede ac diam. Cras pellentesque volutpat dui.');
insert into palavras (id, palavra, pronuncia, origem, significado) values (3, 'Boone', 'Broadberry', 'ID', 'Aliquam non mauris.');
insert into palavras (id, palavra, pronuncia, origem, significado) values (4, 'Dulcine', 'Werlock', 'CZ', 'In hac habitasse platea dictumst.');
insert into palavras (id, palavra, pronuncia, origem, significado) values (5, 'Kissee', 'Eronie', 'KE', 'Quisque arcu libero, rutrum ac, lobortis vel, dapibus at, diam. Nam tristique tortor eu pede.');
insert into palavras (id, palavra, pronuncia, origem, significado) values (6, 'Diane', 'Paumier', 'RU', 'Integer tincidunt ante vel ipsum.');
insert into palavras (id, palavra, pronuncia, origem, significado) values (7, 'Joscelin', 'Mingasson', 'PH', 'Nam ultrices, libero non mattis pulvinar, nulla pede ullamcorper augue, a suscipit nulla elit ac nulla.');
insert into palavras (id, palavra, pronuncia, origem, significado) values (8, 'Griswold', 'Miller', 'BR', 'Maecenas tristique, est et tempus semper, est quam pharetra magna, ac consequat metus sapien ut nunc.');
insert into palavras (id, palavra, pronuncia, origem, significado) values (9, 'Keven', 'Inde', 'PK', 'Donec diam neque, vestibulum eget, vulputate ut, ultrices vel, augue.');
insert into palavras (id, palavra, pronuncia, origem, significado) values (10, 'Valentine', 'Kestian', 'CN', 'Integer ac neque. Duis bibendum. Morbi non quam nec dui luctus rutrum.');
insert into palavras (id, palavra, pronuncia, origem, significado) values (11, 'Sadella', 'Gladdis', 'PL', 'Duis ac nibh. Fusce lacus purus, aliquet at, feugiat non, pretium quis, lectus.');
insert into palavras (id, palavra, pronuncia, origem, significado) values (12, 'Selinda', 'Vassie', 'CN', 'Quisque erat eros, viverra eget, congue eget, semper rutrum, nulla. Nunc purus.');
insert into palavras (id, palavra, pronuncia, origem, significado) values (13, 'Kingsly', 'Gregoire', 'CN', 'Nunc rhoncus dui vel sem. Sed sagittis.');
insert into palavras (id, palavra, pronuncia, origem, significado) values (14, 'Michale', 'Moughton', 'AZ', 'Donec dapibus. Duis at velit eu est congue elementum.');
insert into palavras (id, palavra, pronuncia, origem, significado) values (15, 'Nealy', 'Scollan', 'RU', 'Etiam faucibus cursus urna. Ut tellus. Nulla ut erat id mauris vulputate elementum.');
insert into palavras (id, palavra, pronuncia, origem, significado) values (16, 'Sullivan', 'Van Der Straaten', 'NG', 'Duis ac nibh. Fusce lacus purus, aliquet at, feugiat non, pretium quis, lectus.');
insert into palavras (id, palavra, pronuncia, origem, significado) values (17, 'Randee', 'Freeborn', 'CN', 'Pellentesque at nulla.');
insert into palavras (id, palavra, pronuncia, origem, significado) values (18, 'Osbourn', 'Menghi', 'MZ', 'Maecenas tincidunt lacus at velit.');
insert into palavras (id, palavra, pronuncia, origem, significado) values (19, 'Babb', 'Clubb', 'US', 'In eleifend quam a odio. In hac habitasse platea dictumst. Maecenas ut massa quis augue luctus tincidunt.');
insert into palavras (id, palavra, pronuncia, origem, significado) values (20, 'Kippy', 'Fieldsend', 'PT', 'Sed accumsan felis.');
insert into palavras (id, palavra, pronuncia, origem, significado) values (21, 'Cull', 'Piatkowski', 'AZ', 'Maecenas pulvinar lobortis est. Phasellus sit amet erat.');
insert into palavras (id, palavra, pronuncia, origem, significado) values (22, 'Dianemarie', 'McClunaghan', 'PH', 'In tempor, turpis nec euismod scelerisque, quam turpis adipiscing lorem, vitae mattis nibh ligula nec sem.');
insert into palavras (id, palavra, pronuncia, origem, significado) values (23, 'Bonnie', 'Ludee', 'US', 'Morbi non quam nec dui luctus rutrum.');
insert into palavras (id, palavra, pronuncia, origem, significado) values (24, 'Lorne', 'Son', 'CN', 'Maecenas leo odio, condimentum id, luctus nec, molestie sed, justo. Pellentesque viverra pede ac diam.');
insert into palavras (id, palavra, pronuncia, origem, significado) values (25, 'Yettie', 'Penchen', 'ID', 'Nulla suscipit ligula in lacus. Curabitur at ipsum ac tellus semper interdum.');
insert into palavras (id, palavra, pronuncia, origem, significado) values (26, 'Sascha', 'Ropkes', 'CZ', 'Sed vel enim sit amet nunc viverra dapibus.');
insert into palavras (id, palavra, pronuncia, origem, significado) values (27, 'Petunia', 'Mate', 'BR', 'Aenean lectus. Pellentesque eget nunc. Donec quis orci eget orci vehicula condimentum.');
insert into palavras (id, palavra, pronuncia, origem, significado) values (28, 'Alvinia', 'Parkman', 'PH', 'Nulla neque libero, convallis eget, eleifend luctus, ultricies eu, nibh.');
insert into palavras (id, palavra, pronuncia, origem, significado) values (29, 'Chastity', 'Siggins', 'ID', 'Nunc rhoncus dui vel sem.');
insert into palavras (id, palavra, pronuncia, origem, significado) values (30, 'Tatum', 'Atthowe', 'PL', 'Integer a nibh. In quis justo. Maecenas rhoncus aliquam lacus.');

-- sinonimo -- 
insert into sinonimo (palavras_id, palavras_id1) values (1, 2);
insert into sinonimo (palavras_id, palavras_id1) values (3, 8);
insert into sinonimo (palavras_id, palavras_id1) values (4, 9);
insert into sinonimo (palavras_id, palavras_id1) values (5, 30);
insert into sinonimo (palavras_id, palavras_id1) values (6, 18);
insert into sinonimo (palavras_id, palavras_id1) values (7, 18);
insert into sinonimo (palavras_id, palavras_id1) values (8, 10);
insert into sinonimo (palavras_id, palavras_id1) values (9, 28);
insert into sinonimo (palavras_id, palavras_id1) values (10, 16);
insert into sinonimo (palavras_id, palavras_id1) values (11, 20);
insert into sinonimo (palavras_id, palavras_id1) values (12, 19);
insert into sinonimo (palavras_id, palavras_id1) values (13, 11);
insert into sinonimo (palavras_id, palavras_id1) values (14, 4);
insert into sinonimo (palavras_id, palavras_id1) values (15, 27);
insert into sinonimo (palavras_id, palavras_id1) values (16, 3);
insert into sinonimo (palavras_id, palavras_id1) values (17, 16);
insert into sinonimo (palavras_id, palavras_id1) values (18, 20);
insert into sinonimo (palavras_id, palavras_id1) values (19, 11);
insert into sinonimo (palavras_id, palavras_id1) values (20, 9);
insert into sinonimo (palavras_id, palavras_id1) values (21, 23);
insert into sinonimo (palavras_id, palavras_id1) values (22, 3);
insert into sinonimo (palavras_id, palavras_id1) values (23, 14);
insert into sinonimo (palavras_id, palavras_id1) values (24, 4);
insert into sinonimo (palavras_id, palavras_id1) values (25, 9);
insert into sinonimo (palavras_id, palavras_id1) values (26, 3);
insert into sinonimo (palavras_id, palavras_id1) values (27, 10);
insert into sinonimo (palavras_id, palavras_id1) values (28, 5);
insert into sinonimo (palavras_id, palavras_id1) values (29, 3);
insert into sinonimo (palavras_id, palavras_id1) values (30, 15);

-- pertence --
insert into pertence (table1_id_dicionario, palavras_id) values (20, 16);
insert into pertence (table1_id_dicionario, palavras_id) values (30, 21);
insert into pertence (table1_id_dicionario, palavras_id) values (14, 3);
insert into pertence (table1_id_dicionario, palavras_id) values (13, 22);
insert into pertence (table1_id_dicionario, palavras_id) values (19, 12);
insert into pertence (table1_id_dicionario, palavras_id) values (6, 3);
insert into pertence (table1_id_dicionario, palavras_id) values (21, 7);
insert into pertence (table1_id_dicionario, palavras_id) values (26, 30);
insert into pertence (table1_id_dicionario, palavras_id) values (3, 29);
insert into pertence (table1_id_dicionario, palavras_id) values (9, 3);
insert into pertence (table1_id_dicionario, palavras_id) values (19, 25);
insert into pertence (table1_id_dicionario, palavras_id) values (21, 12);
insert into pertence (table1_id_dicionario, palavras_id) values (24, 9);
insert into pertence (table1_id_dicionario, palavras_id) values (8, 22);
insert into pertence (table1_id_dicionario, palavras_id) values (11, 22);
insert into pertence (table1_id_dicionario, palavras_id) values (7, 8);
insert into pertence (table1_id_dicionario, palavras_id) values (6, 1);
insert into pertence (table1_id_dicionario, palavras_id) values (14, 4);
insert into pertence (table1_id_dicionario, palavras_id) values (4, 2);
insert into pertence (table1_id_dicionario, palavras_id) values (9, 10);
insert into pertence (table1_id_dicionario, palavras_id) values (17, 30);
insert into pertence (table1_id_dicionario, palavras_id) values (26, 4);
insert into pertence (table1_id_dicionario, palavras_id) values (14, 26);
insert into pertence (table1_id_dicionario, palavras_id) values (29, 17);
insert into pertence (table1_id_dicionario, palavras_id) values (26, 28);
insert into pertence (table1_id_dicionario, palavras_id) values (21, 10);
insert into pertence (table1_id_dicionario, palavras_id) values (26, 9);
insert into pertence (table1_id_dicionario, palavras_id) values (12, 23);
insert into pertence (table1_id_dicionario, palavras_id) values (12, 12);
insert into pertence (table1_id_dicionario, palavras_id) values (13, 3);